[[{"__type__":"cc.Prefab","_name":"pillarPrefab","data":{"__id__":1}},{"__type__":"cc.Node","_name":"pillarPrefab","_children":[{"__id__":2},{"__id__":10},{"__id__":18}],"_prefab":{"__type__":"cc.PrefabInfo","root":{"__id__":1},"asset":{"__uuid__":"18rAM4xgtAzoPvGe90DOE3"},"fileId":"2cvBkhbYJC75jjKLc+jpDz"},"_trs":{"__type__":"TypedArray","ctor":"Float64Array","array":[-177.032,-443.759,0,0,0,0,1,-1,1,1]}},{"__type__":"cc.Node","_name":"pillar","_parent":{"__id__":1},"_children":[{"__type__":"cc.Node","_name":"startRightPoint","_parent":{"__id__":2},"_prefab":{"__type__":"cc.PrefabInfo","root":{"__id__":1},"asset":{"__uuid__":"18rAM4xgtAzoPvGe90DOE3"},"fileId":"d33XYvSWFMo6Zh7grudd/m"},"_contentSize":{"__type__":"cc.Size","width":117,"height":1},"_trs":{"__type__":"TypedArray","ctor":"Float64Array","array":[74.491,37.468,0,0,0,0,1,-1,1,-1]},"_skewY":-31},{"__id__":3},{"__id__":4},{"__id__":5},{"__id__":6},{"__id__":7},{"__id__":8},{"__id__":9}],"_components":[{"__type__":"cc.Sprite","node":{"__id__":2},"_materials":[{"__uuid__":"ecpdLyjvZBwrvm+cedCcQy"}],"_spriteFrame":{"__uuid__":"36UtpS1/ZJEbqz/rycAMTv"}}],"_prefab":{"__type__":"cc.PrefabInfo","root":{"__id__":1},"asset":{"__uuid__":"18rAM4xgtAzoPvGe90DOE3"},"fileId":"c6lNNo6MFPlpxVsKNo6YaO"},"_contentSize":{"__type__":"cc.Size","width":274,"height":329},"_trs":{"__type__":"TypedArray","ctor":"Float64Array","array":[0,0,0,0,0,0,1,1,1,1]}},{"__type__":"cc.Node","_name":"endRightPoint","_parent":{"__id__":2},"_components":[{"__type__":"cc.Sprite","node":{"__id__":3}}],"_prefab":{"__type__":"cc.PrefabInfo","root":{"__id__":1},"asset":{"__uuid__":"18rAM4xgtAzoPvGe90DOE3"},"fileId":"19pcQbLn5PmZLJ4jjzTA9Z"},"_contentSize":{"__type__":"cc.Size","width":117,"height":1},"_trs":{"__type__":"TypedArray","ctor":"Float64Array","array":[-74.989,126.713,0,0,0,0,1,-1,1,-1]},"_skewY":-30.5},{"__type__":"cc.Node","_name":"startLeftPoint","_parent":{"__id__":2},"_components":[{"__type__":"cc.Sprite","node":{"__id__":4}}],"_prefab":{"__type__":"cc.PrefabInfo","root":{"__id__":1},"asset":{"__uuid__":"18rAM4xgtAzoPvGe90DOE3"},"fileId":"7awszb70lKYYBS/uZfn8Xf"},"_contentSize":{"__type__":"cc.Size","width":117,"height":1},"_trs":{"__type__":"TypedArray","ctor":"Float64Array","array":[-74.873,37.772,0,0,0,0,1,1,1,1]},"_skewY":-31},{"__type__":"cc.Node","_name":"endLeftPoint","_parent":{"__id__":2},"_components":[{"__type__":"cc.Sprite","node":{"__id__":5}}],"_prefab":{"__type__":"cc.PrefabInfo","root":{"__id__":1},"asset":{"__uuid__":"18rAM4xgtAzoPvGe90DOE3"},"fileId":"ebHFDQdNRJ5YoNSFR5pPDV"},"_contentSize":{"__type__":"cc.Size","width":117,"height":1},"_trs":{"__type__":"TypedArray","ctor":"Float64Array","array":[74.833,125.376,0,0,0,0,1,1,1,1]},"_skewY":-31},{"__type__":"cc.Node","_name":"basics_1","_parent":{"__id__":2},"_components":[{"__type__":"cc.Sprite","node":{"__id__":6},"_sizeMode":0}],"_prefab":{"__type__":"cc.PrefabInfo","root":{"__id__":1},"asset":{"__uuid__":"18rAM4xgtAzoPvGe90DOE3"},"fileId":"f2wRHkZW5NKLNas6dm3lAd"},"_contentSize":{"__type__":"cc.Size","width":146,"height":18},"_trs":{"__type__":"TypedArray","ctor":"Float64Array","array":[-58.079,46.812,0,0,0,0,1,1,1,1]},"_skewX":59,"_skewY":-31},{"__type__":"cc.Node","_name":"basics_2","_parent":{"__id__":2},"_components":[{"__type__":"cc.Sprite","node":{"__id__":7},"_sizeMode":0}],"_prefab":{"__type__":"cc.PrefabInfo","root":{"__id__":1},"asset":{"__uuid__":"18rAM4xgtAzoPvGe90DOE3"},"fileId":"87no7l+vhGQ6gEWj41DbaZ"},"_contentSize":{"__type__":"cc.Size","width":146,"height":18},"_trs":{"__type__":"TypedArray","ctor":"Float64Array","array":[58.588,117.358,0,0,0,0,1,1,1,1]},"_skewX":59,"_skewY":-31},{"__type__":"cc.Node","_name":"basics_3","_parent":{"__id__":2},"_components":[{"__type__":"cc.Sprite","node":{"__id__":8},"_sizeMode":0}],"_prefab":{"__type__":"cc.PrefabInfo","root":{"__id__":1},"asset":{"__uuid__":"18rAM4xgtAzoPvGe90DOE3"},"fileId":"542THI16BJ2ZaiKSn4kRVv"},"_contentSize":{"__type__":"cc.Size","width":146,"height":18},"_trs":{"__type__":"TypedArray","ctor":"Float64Array","array":[-58.643,117.658,0,0,0,0,1,-1,1,1]},"_skewX":59,"_skewY":-31},{"__type__":"cc.Node","_name":"basics_4","_parent":{"__id__":2},"_components":[{"__type__":"cc.Sprite","node":{"__id__":9},"_sizeMode":0}],"_prefab":{"__type__":"cc.PrefabInfo","root":{"__id__":1},"asset":{"__uuid__":"18rAM4xgtAzoPvGe90DOE3"},"fileId":"0d2A/Y9/NPb7ebKD2VH1+G"},"_contentSize":{"__type__":"cc.Size","width":146,"height":18},"_trs":{"__type__":"TypedArray","ctor":"Float64Array","array":[58.088,47.158,0,0,0,0,1,-1,1,1]},"_skewX":59,"_skewY":-31},{"__type__":"cc.Node","_name":"scoreArea","_parent":{"__id__":1},"_children":[{"__id__":11},{"__id__":12},{"__id__":13},{"__id__":14},{"__id__":15},{"__id__":16},{"__id__":17}],"_components":[{"__type__":"cc.Sprite","node":{"__id__":10},"_materials":[{"__uuid__":"ecpdLyjvZBwrvm+cedCcQy"}],"_spriteFrame":{"__uuid__":"c16RArc/9LwYgG82+xd7SR"}}],"_prefab":{"__type__":"cc.PrefabInfo","root":{"__id__":1},"asset":{"__uuid__":"18rAM4xgtAzoPvGe90DOE3"},"fileId":"d8OvlyPHJLaL9rHufHH8y0"},"_contentSize":{"__type__":"cc.Size","width":164,"height":107},"_trs":{"__type__":"TypedArray","ctor":"Float64Array","array":[0.132,81.317,0,0,0,0,1,1,1,1]}},{"__type__":"cc.Node","_name":"plank","_parent":{"__id__":10},"_components":[{"__type__":"cc.Sprite","node":{"__id__":11},"_materials":[{"__uuid__":"ecpdLyjvZBwrvm+cedCcQy"}],"_spriteFrame":{"__uuid__":"e4xRzQNOhFd6AFF99YkgRd"},"_type":1,"_sizeMode":0}],"_prefab":{"__type__":"cc.PrefabInfo","root":{"__id__":1},"asset":{"__uuid__":"18rAM4xgtAzoPvGe90DOE3"},"fileId":"e7nX4vmyhOG4WjRF2LFG+p"},"_contentSize":{"__type__":"cc.Size","width":67},"_anchorPoint":{"__type__":"cc.Vec2","x":0.5},"_trs":{"__type__":"TypedArray","ctor":"Float64Array","array":[-41.307,29.293,0,0,0,0,1,-1,1,1]},"_skewY":-31},{"__type__":"cc.Node","_name":"qualified_1","_parent":{"__id__":10},"_components":[{"__type__":"cc.Sprite","node":{"__id__":12},"_sizeMode":0}],"_prefab":{"__type__":"cc.PrefabInfo","root":{"__id__":1},"asset":{"__uuid__":"18rAM4xgtAzoPvGe90DOE3"},"fileId":"52ehqKu69GGb/ma75Xj8pJ"},"_contentSize":{"__type__":"cc.Size","width":82.3,"height":11.5},"_trs":{"__type__":"TypedArray","ctor":"Float64Array","array":[-36.627,-18.488,0,0,0,0,1,1,1,1]},"_skewX":59,"_skewY":-31},{"__type__":"cc.Node","_name":"excellence_1","_parent":{"__id__":10},"_components":[{"__type__":"cc.Sprite","node":{"__id__":13},"_sizeMode":0}],"_prefab":{"__type__":"cc.PrefabInfo","root":{"__id__":1},"asset":{"__uuid__":"18rAM4xgtAzoPvGe90DOE3"},"fileId":"55NfoqT51LdorCJu/374oh"},"_contentSize":{"__type__":"cc.Size","width":82.3,"height":10},"_trs":{"__type__":"TypedArray","ctor":"Float64Array","array":[-18.527,-7.388,0,0,0,0,1,1,1,1]},"_skewX":59,"_skewY":-31},{"__type__":"cc.Node","_name":"perfect","_parent":{"__id__":10},"_components":[{"__type__":"cc.Sprite","node":{"__id__":14},"_sizeMode":0}],"_prefab":{"__type__":"cc.PrefabInfo","root":{"__id__":1},"asset":{"__uuid__":"18rAM4xgtAzoPvGe90DOE3"},"fileId":"7aUMn252hJ6YjFknqtIEMf"},"_contentSize":{"__type__":"cc.Size","width":82.3,"height":10.3},"_trs":{"__type__":"TypedArray","ctor":"Float64Array","array":[-1.327,2.712,0,0,0,0,1,1,1,1]},"_skewX":59,"_skewY":-31},{"__type__":"cc.Node","_name":"excellence_2","_parent":{"__id__":10},"_components":[{"__type__":"cc.Sprite","node":{"__id__":15},"_sizeMode":0}],"_prefab":{"__type__":"cc.PrefabInfo","root":{"__id__":1},"asset":{"__uuid__":"18rAM4xgtAzoPvGe90DOE3"},"fileId":"a3sdKJemBHQbwun8qZEpNQ"},"_contentSize":{"__type__":"cc.Size","width":82.3,"height":9.3},"_trs":{"__type__":"TypedArray","ctor":"Float64Array","array":[15.373,12.512,0,0,0,0,1,1,1,1]},"_skewX":59,"_skewY":-31},{"__type__":"cc.Node","_name":"qualified_2","_parent":{"__id__":10},"_components":[{"__type__":"cc.Sprite","node":{"__id__":16},"_sizeMode":0}],"_prefab":{"__type__":"cc.PrefabInfo","root":{"__id__":1},"asset":{"__uuid__":"18rAM4xgtAzoPvGe90DOE3"},"fileId":"dfBDDKFetEzppSCfW+61oY"},"_contentSize":{"__type__":"cc.Size","width":81.8,"height":11.3},"_trs":{"__type__":"TypedArray","ctor":"Float64Array","array":[32.473,23.012,0,0,0,0,1,1,1,1]},"_skewX":59,"_skewY":-31},{"__type__":"cc.Node","_name":"scoreAreaResult","_parent":{"__id__":10},"_active":false,"_components":[{"__type__":"cc.Sprite","node":{"__id__":17},"_materials":[{"__uuid__":"ecpdLyjvZBwrvm+cedCcQy"}],"_spriteFrame":{"__uuid__":"7a24ZgNAtIm5yX2B/DJ9Id"}}],"_prefab":{"__type__":"cc.PrefabInfo","root":{"__id__":1},"asset":{"__uuid__":"18rAM4xgtAzoPvGe90DOE3"},"fileId":"4dZ0y+t1xA5I/dGGVo/cEP"},"_contentSize":{"__type__":"cc.Size","width":357,"height":211},"_trs":{"__type__":"TypedArray","ctor":"Float64Array","array":[0,0,0,0,0,0,1,1,1,1]}},{"__type__":"cc.Node","_name":"scoreGrade","_parent":{"__id__":1},"_components":[{"__type__":"cc.Sprite","node":{"__id__":18}}],"_prefab":{"__type__":"cc.PrefabInfo","root":{"__id__":1},"asset":{"__uuid__":"18rAM4xgtAzoPvGe90DOE3"},"fileId":"26nwRS5rpCgbRmS266jHtA"},"_opacity":0,"_contentSize":{"__type__":"cc.Size","width":127,"height":59},"_trs":{"__type__":"TypedArray","ctor":"Float64Array","array":[0,83,0,0,0,0,1,1,1,1]}}],{"__type__":"cc.SpriteFrame","content":{"name":"pillar_1","texture":"31AM1EtpNNRrEJWN+9HANw","rect":[3,2,274,329],"offset":[-1,2],"originalSize":[282,337],"capInsets":[0,0,0,0]}},{"__type__":"cc.SpriteFrame","content":{"name":"scoreAreaEffect","texture":"4aFD09VI1EY7nWqqLcPIgE","rect":[0,0,357,211],"offset":[0,0],"originalSize":[357,211],"capInsets":[0,0,0,0]}},{"__type__":"cc.SpriteFrame","content":{"name":"scoreArea","texture":"93zwmzw1VI1r7j4Hp5uIos","rect":[1,1,164,107],"offset":[-1.5,1.5],"originalSize":[169,112],"capInsets":[0,0,0,0]}},{"__type__":"cc.SpriteFrame","content":{"name":"plank","texture":"33Nz+adyFLCI7H85ybDv0G","rect":[0,0,67,116],"offset":[0,0],"originalSize":[67,116],"capInsets":[0,9,13,0]}}]