[{"__type__":"cc.SpriteFrame","content":{"name":"pet_1_1","texture":"c3ldGDyrBCa6XMJyr4Bs0K","rect":[0,0,84,95],"offset":[0,0],"originalSize":[84,95],"capInsets":[0,0,0,0]}},{"__type__":"cc.SpriteFrame","content":{"name":"pet_5_5","texture":"c3ldGDyrBCa6XMJyr4Bs0K","rect":[336,0,84,95],"offset":[0,0],"originalSize":[84,95],"capInsets":[0,0,0,0]}},{"__type__":"cc.SpriteFrame","content":{"name":"pet_4_4","texture":"c3ldGDyrBCa6XMJyr4Bs0K","rect":[252,0,84,95],"offset":[0,0],"originalSize":[84,95],"capInsets":[0,0,0,0]}},{"__type__":"cc.SpriteFrame","content":{"name":"pet_2_2","texture":"c3ldGDyrBCa6XMJyr4Bs0K","rect":[84,0,84,95],"offset":[0,0],"originalSize":[84,95],"capInsets":[0,0,0,0]}},{"__type__":"cc.SpriteAtlas","_name":"petFramAtlas.plist","_spriteFrames":{"pet_1_1":{"__uuid__":"0d9X2LaPhGS6+bTx2JeIM1"},"pet_2_2":{"__uuid__":"60PzWpJzFOmKaJSnZzDATH"},"pet_3_3":{"__uuid__":"fcSHojdjtEyLsJBCOyY51Q"},"pet_4_4":{"__uuid__":"36iaxsIZdLdqKz1O3j7YSu"},"pet_5_5":{"__uuid__":"2489OI0pFF6q7jYJcO5iaO"}}},{"__type__":"cc.SpriteFrame","content":{"name":"pet_3_3","texture":"c3ldGDyrBCa6XMJyr4Bs0K","rect":[168,0,84,95],"offset":[0,0],"originalSize":[84,95],"capInsets":[0,0,0,0]}}]