[{"__type__":"cc.SpriteFrame","content":{"name":"default_sprite_splash","texture":"02delMVqdBD70a/HSD99FK","rect":[0,0,2,2],"offset":[0,0],"originalSize":[2,2],"capInsets":[0,0,0,0]}},[{"__type__":"cc.Prefab","_name":"moreGamePre","data":{"__id__":1}},{"__type__":"cc.Node","_name":"moreGamePre","_children":[{"__id__":2},{"__id__":4}],"_components":[{"__type__":"cc.Sprite","node":{"__id__":1},"_materials":[{"__uuid__":"ecpdLyjvZBwrvm+cedCcQy"}],"_spriteFrame":{"__uuid__":"a2MjXRFdtLlYQ5ouAFv/+R"},"_sizeMode":0},{"__type__":"350c7IKWfpO2IHakSkwnJyy","node":{"__id__":1},"otherGameImg":{"__id__":3},"gameName":{"__id__":5}}],"_prefab":{"__type__":"cc.PrefabInfo","root":{"__id__":1},"asset":{"__uuid__":"c92NRVj0ZOBKMTGiKkD6JG"},"fileId":"0bxiQGLiJNkIh7hVa5rU7e"},"_color":{"__type__":"cc.Color","r":243,"g":232,"b":148},"_contentSize":{"__type__":"cc.Size","width":120,"height":130},"_trs":{"__type__":"TypedArray","ctor":"Float64Array","array":[0,0,0,0,0,0,1,1,1,1]}},{"__type__":"cc.Node","_name":"maoreGameSpr","_parent":{"__id__":1},"_components":[{"__id__":3}],"_prefab":{"__type__":"cc.PrefabInfo","root":{"__id__":1},"asset":{"__uuid__":"c92NRVj0ZOBKMTGiKkD6JG"},"fileId":"acesM/ih5NuoySzzLwQ0+a"},"_contentSize":{"__type__":"cc.Size","width":90,"height":95},"_trs":{"__type__":"TypedArray","ctor":"Float64Array","array":[0,12.189,0,0,0,0,1,1,1,1]}},{"__type__":"cc.Sprite","node":{"__id__":2},"_sizeMode":0},{"__type__":"cc.Node","_name":"gameNameT","_parent":{"__id__":1},"_components":[{"__id__":5}],"_prefab":{"__type__":"cc.PrefabInfo","root":{"__id__":1},"asset":{"__uuid__":"c92NRVj0ZOBKMTGiKkD6JG"},"fileId":"7eA3MHcbtHUqppyOKEBz2w"},"_color":{"__type__":"cc.Color"},"_contentSize":{"__type__":"cc.Size","width":100,"height":22},"_trs":{"__type__":"TypedArray","ctor":"Float64Array","array":[0,-50.188,0,0,0,0,1,1,1,1]}},{"__type__":"cc.Label","node":{"__id__":4},"_materials":[{"__uuid__":"ecpdLyjvZBwrvm+cedCcQy"}],"_useOriginalSize":false,"_string":"\n","_N$string":"\n","_fontSize":20,"_lineHeight":20,"_N$horizontalAlign":1,"_N$verticalAlign":1,"_N$overflow":2}]]