[[{"__type__":"cc.SceneAsset","_name":"MainScene","scene":{"__id__":1},"asyncLoadAssets":null},{"__type__":"cc.Scene","_name":"New Node","_children":[{"__id__":2}],"_active":false,"_anchorPoint":{"__type__":"cc.Vec2"},"_trs":{"__type__":"TypedArray","ctor":"Float64Array","array":[0,0,0,0,0,0,1,1,1,1]},"autoReleaseAssets":false},{"__type__":"cc.Node","_name":"Canvas","_parent":{"__id__":1},"_children":[{"__id__":3},{"__id__":4},{"__id__":5},{"__id__":15},{"__id__":24},{"__id__":31}],"_components":[{"__type__":"cc.Canvas","node":{"__id__":2},"_designResolution":{"__type__":"cc.Size","width":750,"height":1334},"_fitWidth":true},{"__type__":"9d992uVs+BMa6Znu/wo8pgv","node":{"__id__":2},"moreGameContent":{"__id__":29},"moreGamePre":{"__uuid__":"c92NRVj0ZOBKMTGiKkD6JG"},"rankBtn":{"__id__":13},"m_sp_off":{"__id__":33}}],"_contentSize":{"__type__":"cc.Size","width":750,"height":1334},"_trs":{"__type__":"TypedArray","ctor":"Float64Array","array":[375,667,0,0,0,0,1,1,1,1]},"_id":"79YwAkyvxABbKkm9KLgI5D"},{"__type__":"cc.Node","_name":"Main Camera","_parent":{"__id__":2},"_components":[{"__type__":"cc.Camera","node":{"__id__":3},"_clearFlags":7,"_depth":-1}],"_trs":{"__type__":"TypedArray","ctor":"Float64Array","array":[0,0,529.141521712292,0,0,0,1,1,1,1]}},{"__type__":"cc.Node","_name":"dataManage","_parent":{"__id__":2},"_components":[{"__type__":"69b2aiqvotBnYLV8P3l/ivP","node":{"__id__":4}}],"_trs":{"__type__":"TypedArray","ctor":"Float64Array","array":[0,0,0,0,0,0,1,1,1,1]}},{"__type__":"cc.Node","_name":"mainView","_parent":{"__id__":2},"_children":[{"__id__":6},{"__id__":8},{"__id__":9},{"__id__":10},{"__id__":11},{"__id__":12},{"__id__":13},{"__id__":14}],"_trs":{"__type__":"TypedArray","ctor":"Float64Array","array":[0,0,0,0,0,0,1,1,1,1]}},{"__type__":"cc.Node","_name":"mainBg","_parent":{"__id__":5},"_children":[{"__id__":7}],"_components":[{"__type__":"cc.Sprite","node":{"__id__":6},"_materials":[{"__uuid__":"ecpdLyjvZBwrvm+cedCcQy"}],"_spriteFrame":{"__uuid__":"77FfQ6zHBAtZ0r2SCgAAA+"},"_sizeMode":0}],"_contentSize":{"__type__":"cc.Size","width":750,"height":1650},"_trs":{"__type__":"TypedArray","ctor":"Float64Array","array":[0,0,0,0,0,0,1,1,1,1]}},{"__type__":"cc.Node","_name":"yunSpr","_parent":{"__id__":6},"_components":[{"__type__":"cc.Sprite","node":{"__id__":7},"_materials":[{"__uuid__":"ecpdLyjvZBwrvm+cedCcQy"}],"_spriteFrame":{"__uuid__":"e5u7iu57BGh4sShFVpRlL1"},"_sizeMode":0},{"__type__":"cc.Widget","node":{"__id__":7},"_target":{"__id__":6},"_alignFlags":4,"_verticalCenter":-0.5,"_isAbsVerticalCenter":false}],"_contentSize":{"__type__":"cc.Size","width":750,"height":518},"_trs":{"__type__":"TypedArray","ctor":"Float64Array","array":[0,-566,0,0,0,0,1,1,1,1]}},{"__type__":"cc.Node","_name":"logo","_parent":{"__id__":5},"_components":[{"__type__":"cc.Sprite","node":{"__id__":8},"_materials":[{"__uuid__":"ecpdLyjvZBwrvm+cedCcQy"}],"_spriteFrame":{"__uuid__":"447qbpmfNNn66sDskDUQlC"}},{"__type__":"f34ac2GGiVOBbG6XlfvgYP4","node":{"__id__":8},"spriteFrameSet":[{"__type__":"SpriteFrameSet","language":"zh","spriteFrame":{"__uuid__":"f6CokLdhJH/4nxuzwVgTKg"}},{"__type__":"SpriteFrameSet","language":"en","spriteFrame":{"__uuid__":"447qbpmfNNn66sDskDUQlC"}}]}],"_contentSize":{"__type__":"cc.Size","width":549,"height":107},"_trs":{"__type__":"TypedArray","ctor":"Float64Array","array":[0,528.736,0,0,0,0,1,1,1,1]}},{"__type__":"cc.Node","_name":"topScoreT","_parent":{"__id__":5},"_components":[{"__type__":"cc.Label","node":{"__id__":9},"_materials":[{"__uuid__":"ecpdLyjvZBwrvm+cedCcQy"}],"_useOriginalSize":false,"_string":"历史最高分：0","_N$string":"历史最高分：0","_lineHeight":45,"_N$horizontalAlign":1,"_N$verticalAlign":1}],"_color":{"__type__":"cc.Color","r":238,"g":224,"b":224},"_contentSize":{"__type__":"cc.Size","width":262.25,"height":56.7},"_trs":{"__type__":"TypedArray","ctor":"Float64Array","array":[0,375.768,0,0,0,0,1,1,1,1]}},{"__type__":"cc.Node","_name":"roleSpr","_parent":{"__id__":5},"_components":[{"__type__":"cc.Sprite","node":{"__id__":10},"_materials":[{"__uuid__":"ecpdLyjvZBwrvm+cedCcQy"}],"_spriteFrame":{"__uuid__":"11iwci3VdAAYUaqFg2aXBh"}}],"_contentSize":{"__type__":"cc.Size","width":298,"height":442},"_trs":{"__type__":"TypedArray","ctor":"Float64Array","array":[0,63.731,0,0,0,0,1,1,1,1]}},{"__type__":"cc.Node","_name":"startBtn","_parent":{"__id__":5},"_components":[{"__type__":"cc.Sprite","node":{"__id__":11},"_materials":[{"__uuid__":"ecpdLyjvZBwrvm+cedCcQy"}],"_spriteFrame":{"__uuid__":"28aXIEahBFarg2VJ7cOzZq"}},{"__type__":"cc.Button","node":{"__id__":11},"_normalMaterial":{"__uuid__":"ecpdLyjvZBwrvm+cedCcQy"},"zoomScale":1.1,"clickEvents":[{"__type__":"cc.ClickEvent","target":{"__id__":2},"_componentId":"9d992uVs+BMa6Znu/wo8pgv","handler":"clickEvents"}],"_N$transition":3,"transition":3},{"__type__":"cc.Widget","node":{"__id__":11},"_target":{"__id__":5},"_alignFlags":18,"_verticalCenter":-321.017},{"__type__":"f34ac2GGiVOBbG6XlfvgYP4","node":{"__id__":11},"spriteFrameSet":[{"__type__":"SpriteFrameSet","language":"zh","spriteFrame":{"__uuid__":"617HuSAVFLD57yTOjPuI00"}},{"__type__":"SpriteFrameSet","language":"en","spriteFrame":{"__uuid__":"28aXIEahBFarg2VJ7cOzZq"}}]}],"_contentSize":{"__type__":"cc.Size","width":237,"height":102},"_trs":{"__type__":"TypedArray","ctor":"Float64Array","array":[0,-321.017,0,0,0,0,1,1,1,1]}},{"__type__":"cc.Node","_name":"shareBtn","_parent":{"__id__":5},"_active":false,"_components":[{"__type__":"cc.Sprite","node":{"__id__":12},"_materials":[{"__uuid__":"ecpdLyjvZBwrvm+cedCcQy"}],"_spriteFrame":{"__uuid__":"78ku1oQvxIJqeIEcwI1gpj"}},{"__type__":"cc.Widget","node":{"__id__":12},"_target":{"__id__":5},"_alignFlags":40,"_left":-350,"_right":260,"_originalWidth":90},{"__type__":"cc.Button","node":{"__id__":12},"_normalMaterial":{"__uuid__":"ecpdLyjvZBwrvm+cedCcQy"},"zoomScale":1.1,"clickEvents":[{"__type__":"cc.ClickEvent","target":{"__id__":2},"_componentId":"9d992uVs+BMa6Znu/wo8pgv","handler":"clickEvents"}],"_N$transition":3,"transition":3}],"_contentSize":{"__type__":"cc.Size","width":90,"height":97},"_trs":{"__type__":"TypedArray","ctor":"Float64Array","array":[-305,-236.949,0,0,0,0,1,1,1,1]}},{"__type__":"cc.Node","_name":"rankBtn","_parent":{"__id__":5},"_active":false,"_components":[{"__type__":"cc.Sprite","node":{"__id__":13},"_materials":[{"__uuid__":"ecpdLyjvZBwrvm+cedCcQy"}],"_spriteFrame":{"__uuid__":"ebQcSN3bxLBoNI+N1oksZi"},"_sizeMode":0},{"__type__":"cc.Widget","node":{"__id__":13},"_alignFlags":40,"_left":-340.005,"_right":250.005,"_originalWidth":90},{"__type__":"cc.Button","node":{"__id__":13},"_normalMaterial":{"__uuid__":"ecpdLyjvZBwrvm+cedCcQy"},"zoomScale":1.1,"clickEvents":[{"__type__":"cc.ClickEvent","target":{"__id__":2},"_componentId":"9d992uVs+BMa6Znu/wo8pgv","handler":"clickEvents"}],"_N$transition":3,"transition":3}],"_contentSize":{"__type__":"cc.Size","width":90,"height":97},"_trs":{"__type__":"TypedArray","ctor":"Float64Array","array":[-295.005,-240.521,0,0,0,0,1,1,1,1]}},{"__type__":"cc.Node","_name":"moreGameBtn","_parent":{"__id__":5},"_active":false,"_components":[{"__type__":"cc.Sprite","node":{"__id__":14},"_materials":[{"__uuid__":"ecpdLyjvZBwrvm+cedCcQy"}],"_spriteFrame":{"__uuid__":"d5vEzseURCOZTWi9V8Ha0W"}},{"__type__":"cc.Widget","node":{"__id__":14},"_target":{"__id__":5},"_alignFlags":40,"_left":260,"_right":-350,"_originalWidth":90},{"__type__":"cc.Button","node":{"__id__":14},"_normalMaterial":{"__uuid__":"ecpdLyjvZBwrvm+cedCcQy"},"zoomScale":1.1,"clickEvents":[{"__type__":"cc.ClickEvent","target":{"__id__":2},"_componentId":"9d992uVs+BMa6Znu/wo8pgv","handler":"clickEvents"}],"_N$transition":3,"transition":3}],"_contentSize":{"__type__":"cc.Size","width":90,"height":97},"_trs":{"__type__":"TypedArray","ctor":"Float64Array","array":[305,-236.949,0,0,0,0,1,1,1,1]}},{"__type__":"cc.Node","_name":"rankingView","_parent":{"__id__":2},"_children":[{"__id__":16},{"__id__":17},{"__id__":18},{"__id__":19},{"__id__":20},{"__id__":21},{"__id__":22},{"__id__":23}],"_active":false,"_components":[{"__type__":"21d62SuSUZC5rttxItMO6un","node":{"__id__":15},"content":{"__id__":23}}],"_trs":{"__type__":"TypedArray","ctor":"Float64Array","array":[0,0,0,0,0,0,1,1,1,1]}},{"__type__":"cc.Node","_name":"mask","_parent":{"__id__":15},"_components":[{"__type__":"cc.Sprite","node":{"__id__":16},"_materials":[{"__uuid__":"ecpdLyjvZBwrvm+cedCcQy"}],"_spriteFrame":{"__uuid__":"a2MjXRFdtLlYQ5ouAFv/+R"},"_sizeMode":0},{"__type__":"cc.BlockInputEvents","node":{"__id__":16}}],"_opacity":136,"_color":{"__type__":"cc.Color"},"_contentSize":{"__type__":"cc.Size","width":750,"height":1650},"_trs":{"__type__":"TypedArray","ctor":"Float64Array","array":[0,0,0,0,0,0,1,1,1,1]}},{"__type__":"cc.Node","_name":"rankingBg","_parent":{"__id__":15},"_components":[{"__type__":"cc.Sprite","node":{"__id__":17},"_materials":[{"__uuid__":"ecpdLyjvZBwrvm+cedCcQy"}],"_spriteFrame":{"__uuid__":"9enCIpFvJAf488nVJ96GXm"}},{"__type__":"cc.BlockInputEvents","node":{"__id__":17}}],"_contentSize":{"__type__":"cc.Size","width":606,"height":1061},"_trs":{"__type__":"TypedArray","ctor":"Float64Array","array":[0,0,0,0,0,0,1,1,1,1]}},{"__type__":"cc.Node","_name":"rankSpr","_parent":{"__id__":15},"_components":[{"__type__":"cc.Sprite","node":{"__id__":18},"_materials":[{"__uuid__":"ecpdLyjvZBwrvm+cedCcQy"}],"_spriteFrame":{"__uuid__":"d976BVLRBMvbOBU5w+h/X7"}}],"_contentSize":{"__type__":"cc.Size","width":65,"height":33},"_trs":{"__type__":"TypedArray","ctor":"Float64Array","array":[-227.797,381.267,0,0,0,0,1,1,1,1]}},{"__type__":"cc.Node","_name":"headSpr","_parent":{"__id__":15},"_components":[{"__type__":"cc.Sprite","node":{"__id__":19},"_materials":[{"__uuid__":"ecpdLyjvZBwrvm+cedCcQy"}],"_spriteFrame":{"__uuid__":"96zxW5T9dB0b5/iggEa2je"}}],"_contentSize":{"__type__":"cc.Size","width":67,"height":33},"_trs":{"__type__":"TypedArray","ctor":"Float64Array","array":[-114.487,381.267,0,0,0,0,1,1,1,1]}},{"__type__":"cc.Node","_name":"nameSpr","_parent":{"__id__":15},"_components":[{"__type__":"cc.Sprite","node":{"__id__":20},"_materials":[{"__uuid__":"ecpdLyjvZBwrvm+cedCcQy"}],"_spriteFrame":{"__uuid__":"cdCfks4jpNfrebkE0I6l67"}}],"_contentSize":{"__type__":"cc.Size","width":67,"height":33},"_trs":{"__type__":"TypedArray","ctor":"Float64Array","array":[51.237,381.267,0,0,0,0,1,1,1,1]}},{"__type__":"cc.Node","_name":"resultSpr","_parent":{"__id__":15},"_components":[{"__type__":"cc.Sprite","node":{"__id__":21},"_materials":[{"__uuid__":"ecpdLyjvZBwrvm+cedCcQy"}],"_spriteFrame":{"__uuid__":"7fJfxb3t5HrKM3hvlfoC1k"}}],"_contentSize":{"__type__":"cc.Size","width":68,"height":33},"_trs":{"__type__":"TypedArray","ctor":"Float64Array","array":[198.908,381.267,0,0,0,0,1,1,1,1]}},{"__type__":"cc.Node","_name":"rank_close","_parent":{"__id__":15},"_components":[{"__type__":"cc.Sprite","node":{"__id__":22},"_materials":[{"__uuid__":"ecpdLyjvZBwrvm+cedCcQy"}],"_spriteFrame":{"__uuid__":"48n3TgW/NMfIoj0oQQxRKW"}},{"__type__":"cc.Button","node":{"__id__":22},"_normalMaterial":{"__uuid__":"ecpdLyjvZBwrvm+cedCcQy"},"zoomScale":1.1,"clickEvents":[{"__type__":"cc.ClickEvent","target":{"__id__":2},"_componentId":"9d992uVs+BMa6Znu/wo8pgv","handler":"clickEvents"}],"_N$transition":3,"transition":3}],"_contentSize":{"__type__":"cc.Size","width":109,"height":110},"_trs":{"__type__":"TypedArray","ctor":"Float64Array","array":[299.774,446.12,0,0,0,0,1,1,1,1]}},{"__type__":"cc.Node","_name":"rank_content","_parent":{"__id__":15},"_components":[{"__type__":"cc.WXSubContextView","node":{"__id__":23}}],"_contentSize":{"__type__":"cc.Size","width":562,"height":839},"_trs":{"__type__":"TypedArray","ctor":"Float64Array","array":[1,-73.427,0,0,0,0,1,1,1,1]}},{"__type__":"cc.Node","_name":"moreGameView","_parent":{"__id__":2},"_children":[{"__id__":25},{"__id__":26},{"__id__":27},{"__id__":30}],"_active":false,"_trs":{"__type__":"TypedArray","ctor":"Float64Array","array":[0,0,0,0,0,0,1,1,1,1]}},{"__type__":"cc.Node","_name":"mask","_parent":{"__id__":24},"_components":[{"__type__":"cc.Sprite","node":{"__id__":25},"_materials":[{"__uuid__":"ecpdLyjvZBwrvm+cedCcQy"}],"_spriteFrame":{"__uuid__":"a2MjXRFdtLlYQ5ouAFv/+R"},"_sizeMode":0},{"__type__":"cc.BlockInputEvents","node":{"__id__":25}}],"_opacity":136,"_color":{"__type__":"cc.Color"},"_contentSize":{"__type__":"cc.Size","width":750,"height":1650},"_trs":{"__type__":"TypedArray","ctor":"Float64Array","array":[0,0,0,0,0,0,1,1,1,1]}},{"__type__":"cc.Node","_name":"bg","_parent":{"__id__":24},"_components":[{"__type__":"cc.Sprite","node":{"__id__":26},"_materials":[{"__uuid__":"ecpdLyjvZBwrvm+cedCcQy"}],"_spriteFrame":{"__uuid__":"3bLgVYWqFNoqY95OMrXplH"},"_type":1,"_sizeMode":0}],"_contentSize":{"__type__":"cc.Size","width":560,"height":900},"_trs":{"__type__":"TypedArray","ctor":"Float64Array","array":[0,0,0,0,0,0,1,1,1,1]}},{"__type__":"cc.Node","_name":"moreGameScrollView","_parent":{"__id__":24},"_children":[{"__id__":28}],"_components":[{"__type__":"cc.ScrollView","node":{"__id__":27},"horizontal":false,"brake":0.75,"bounceDuration":0.23,"_N$content":{"__id__":29},"content":{"__id__":29},"_N$horizontalScrollBar":null,"_N$verticalScrollBar":null}],"_contentSize":{"__type__":"cc.Size","width":430,"height":648},"_trs":{"__type__":"TypedArray","ctor":"Float64Array","array":[9.038,-62.443,0,0,0,0,1,1,1,1]}},{"__type__":"cc.Node","_name":"view","_parent":{"__id__":27},"_children":[{"__id__":29}],"_components":[{"__type__":"cc.Mask","node":{"__id__":28},"_materials":[{"__uuid__":"ecpdLyjvZBwrvm+cedCcQy"}],"_N$alphaThreshold":0}],"_contentSize":{"__type__":"cc.Size","width":424,"height":646},"_trs":{"__type__":"TypedArray","ctor":"Float64Array","array":[0,2,0,0,0,0,1,1,1,1]}},{"__type__":"cc.Node","_name":"content","_parent":{"__id__":28},"_contentSize":{"__type__":"cc.Size","width":432,"height":652},"_anchorPoint":{"__type__":"cc.Vec2","y":1},"_trs":{"__type__":"TypedArray","ctor":"Float64Array","array":[-215.459,328.202,0,0,0,0,1,1,1,1]}},{"__type__":"cc.Node","_name":"moreGame_closeBtn","_parent":{"__id__":24},"_components":[{"__type__":"cc.Sprite","node":{"__id__":30},"_materials":[{"__uuid__":"ecpdLyjvZBwrvm+cedCcQy"}],"_spriteFrame":{"__uuid__":"d2aNvq6ClDy7CCYaueIkba"}},{"__type__":"cc.Button","node":{"__id__":30},"_normalMaterial":{"__uuid__":"ecpdLyjvZBwrvm+cedCcQy"},"zoomScale":1.1,"clickEvents":[{"__type__":"cc.ClickEvent","target":{"__id__":2},"_componentId":"9d992uVs+BMa6Znu/wo8pgv","handler":"moreGameCloseBtnClick"}],"_N$transition":3,"transition":3}],"_contentSize":{"__type__":"cc.Size","width":121,"height":123},"_trs":{"__type__":"TypedArray","ctor":"Float64Array","array":[252.457,331.487,0,0,0,0,1,1,1,1]}},{"__type__":"cc.Node","_name":"musicView","_parent":{"__id__":2},"_children":[{"__id__":32}],"_trs":{"__type__":"TypedArray","ctor":"Float64Array","array":[-375,-667,0,0,0,0,1,1,1,1]}},{"__type__":"cc.Node","_name":"music_btn","_parent":{"__id__":31},"_children":[{"__id__":33}],"_components":[{"__type__":"cc.Sprite","node":{"__id__":32},"_materials":[{"__uuid__":"ecpdLyjvZBwrvm+cedCcQy"}],"_spriteFrame":{"__uuid__":"910e9KvE1Hrq60IZUQMCKk"}},{"__type__":"cc.Toggle","node":{"__id__":32},"_N$target":{"__id__":32},"checkMark":{"__id__":34},"checkEvents":[{"__type__":"cc.ClickEvent","target":{"__id__":2},"_componentId":"9d992uVs+BMa6Znu/wo8pgv","handler":"musicBtnClick"}]}],"_contentSize":{"__type__":"cc.Size","width":90,"height":97},"_trs":{"__type__":"TypedArray","ctor":"Float64Array","array":[77.096,504.63,0,0,0,0,1,1,1,1]}},{"__type__":"cc.Node","_name":"off","_parent":{"__id__":32},"_active":false,"_components":[{"__id__":34}],"_contentSize":{"__type__":"cc.Size","width":90,"height":97},"_trs":{"__type__":"TypedArray","ctor":"Float64Array","array":[0,0,0,0,0,0,1,1,1,1]}},{"__type__":"cc.Sprite","node":{"__id__":33},"_materials":[{"__uuid__":"ecpdLyjvZBwrvm+cedCcQy"}],"_spriteFrame":{"__uuid__":"19nusz9GBOY4q8mdW4O+rt"}}],{"__type__":"cc.SpriteFrame","content":{"name":"roleSpr","texture":"b56pwZtYRKEaMcpwLfHs9c","rect":[2,0,298,442],"offset":[-2,3],"originalSize":[306,448],"capInsets":[0,0,0,0]}},{"__type__":"cc.SpriteFrame","content":{"name":"voice_off","texture":"8bCWfNNa5FPa9nXbIvxLEd","rect":[0,0,90,97],"offset":[0,0],"originalSize":[90,97],"capInsets":[0,0,0,0]}},{"__type__":"cc.SpriteFrame","content":{"name":"startBtn_en","texture":"aeuPp4nohOJ4mX5HEJJHkN","rect":[0,0,237,102],"offset":[0,0],"originalSize":[237,102],"capInsets":[0,0,0,0]}},{"__type__":"cc.SpriteFrame","content":{"name":"other_game_bg","texture":"1bnmdygNVGGIFzK+0h4sWA","rect":[0,0,1215,713],"offset":[-2.5,3],"originalSize":[1220,719],"capInsets":[523.5,232,155.5,76]}},{"__type__":"cc.SpriteFrame","content":{"name":"logo_en","texture":"9fT+GL98BA2rZDguN8D7nZ","rect":[1,14,549,107],"offset":[0.5,-1],"originalSize":[550,133],"capInsets":[0,0,0,0]}},{"__type__":"cc.SpriteFrame","content":{"name":"close","texture":"00Kp4+4OJL4oMvayMtPzSB","rect":[3,3,109,110],"offset":[-2,1.5],"originalSize":[119,119],"capInsets":[0,0,0,0]}},{"__type__":"cc.SpriteFrame","content":{"name":"startBtn","texture":"b5H/TSnSlLIIU2GmzRXELO","rect":[0,0,237,102],"offset":[0,0],"originalSize":[237,102],"capInsets":[0,0,0,0]}},{"__type__":"cc.SpriteFrame","content":{"name":"bg","texture":"e84nnvR2dAUIq95O0MXFxk","rect":[0,0,720,1280],"offset":[0,0],"originalSize":[720,1280],"capInsets":[0,0,0,0]}},{"__type__":"cc.SpriteFrame","content":{"name":"shareBtn","texture":"edUz+Ca2FECYvSfHgSzXt4","rect":[0,0,90,97],"offset":[0,0],"originalSize":[90,97],"capInsets":[0,0,0,0]}},{"__type__":"cc.SpriteFrame","content":{"name":"resultSpr","texture":"4c/lMKymVJuryyLaCv5Gzw","rect":[3,3,68,33],"offset":[0,0],"originalSize":[74,39],"capInsets":[0,0,0,0]}},{"__type__":"cc.SpriteFrame","content":{"name":"voice_on","texture":"a571clyCBNFZVYGdNTTkhA","rect":[0,0,90,97],"offset":[0,0],"originalSize":[90,97],"capInsets":[0,0,0,0]}},{"__type__":"cc.SpriteFrame","content":{"name":"headSpr","texture":"149FkFDIJIOYqysCYcXmCD","rect":[4,3,67,33],"offset":[0.5,0],"originalSize":[74,39],"capInsets":[0,0,0,0]}},{"__type__":"cc.SpriteFrame","content":{"name":"rankingBg","texture":"80pKutc/VEBasla8KAt8mO","rect":[2,0,606,1061],"offset":[0,0],"originalSize":[610,1061],"capInsets":[0,0,0,0]}},{"__type__":"cc.SpriteFrame","content":{"name":"default_sprite_splash","texture":"02delMVqdBD70a/HSD99FK","rect":[0,0,2,2],"offset":[0,0],"originalSize":[2,2],"capInsets":[0,0,0,0]}},{"__type__":"cc.SpriteFrame","content":{"name":"nameSpr","texture":"41ZjCJKtRCHIhdr/wXNR02","rect":[4,3,67,33],"offset":[0.5,0],"originalSize":[74,39],"capInsets":[0,0,0,0]}},{"__type__":"cc.SpriteFrame","content":{"name":"other_game_close","texture":"0f+IFeBAtOJrL6Sr9Wh/iC","rect":[4,3,121,123],"offset":[-2,2],"originalSize":[133,133],"capInsets":[0,0,0,0]}},{"__type__":"cc.SpriteFrame","content":{"name":"moreGameBtn","texture":"fckEIcVMVEGqsmUI0RrPod","rect":[0,0,90,97],"offset":[0,0],"originalSize":[90,97],"capInsets":[0,0,0,0]}},{"__type__":"cc.SpriteFrame","content":{"name":"rankSpr","texture":"e6PMGIiAJKz7z+wX6P1d0U","rect":[3,3,65,33],"offset":[-1.5,0],"originalSize":[74,39],"capInsets":[0,0,0,0]}},{"__type__":"cc.SpriteFrame","content":{"name":"yunSpr","texture":"5aJw7MbxZMPpDlu2trGfFo","rect":[0,0,720,518],"offset":[0,0],"originalSize":[720,518],"capInsets":[0,0,0,0]}},{"__type__":"cc.SpriteFrame","content":{"name":"rankBtn","texture":"fcCOu765dNwKOEdDaSYgj1","rect":[0,0,90,97],"offset":[0,0],"originalSize":[90,97],"capInsets":[0,0,0,0]}},{"__type__":"cc.SpriteFrame","content":{"name":"logo","texture":"ea0o4cq9NN2JgXvPMmOPyz","rect":[0,0,525,133],"offset":[0,0],"originalSize":[525,133],"capInsets":[0,0,0,0]}}]