[{"__type__":"cc.SpriteAtlas","_name":"pillarAtlas.plist","_spriteFrames":{"pillar_1":{"__uuid__":"5e8Vuk5J5PSrASJxhE14+l"},"pillar_2":{"__uuid__":"77GxeQVm5EXqPb5FogplEE"},"pillar_3":{"__uuid__":"0dkzmbJ+5P/5J5T22m/ZRk"},"pillar_4":{"__uuid__":"d0/sAF3xlD0KH+MAR+vAPM"},"pillar_5":{"__uuid__":"b0ettYcXZD44ivbEzeyQli"},"pillar_6":{"__uuid__":"89+j5Phv1OjYcViS5YBzc9"}}},{"__type__":"cc.SpriteFrame","content":{"name":"pillar_3","texture":"84NFPDQahGRJSUGLw9QHHI","rect":[564,0,282,337],"offset":[0,0],"originalSize":[282,337],"capInsets":[0,0,0,0]}},{"__type__":"cc.SpriteFrame","content":{"name":"pillar_1","texture":"84NFPDQahGRJSUGLw9QHHI","rect":[0,0,282,337],"offset":[0,0],"originalSize":[282,337],"capInsets":[0,0,0,0]}},{"__type__":"cc.SpriteFrame","content":{"name":"pillar_2","texture":"84NFPDQahGRJSUGLw9QHHI","rect":[282,0,282,337],"offset":[0,0],"originalSize":[282,337],"capInsets":[0,0,0,0]}},{"__type__":"cc.SpriteFrame","content":{"name":"pillar_6","texture":"84NFPDQahGRJSUGLw9QHHI","rect":[1410,0,282,337],"offset":[0,0],"originalSize":[282,337],"capInsets":[0,0,0,0]}},{"__type__":"cc.SpriteFrame","content":{"name":"pillar_5","texture":"84NFPDQahGRJSUGLw9QHHI","rect":[1128,0,282,337],"offset":[0,0],"originalSize":[282,337],"capInsets":[0,0,0,0]}},{"__type__":"cc.SpriteFrame","content":{"name":"pillar_4","texture":"84NFPDQahGRJSUGLw9QHHI","rect":[846,0,282,337],"offset":[0,0],"originalSize":[282,337],"capInsets":[0,0,0,0]}}]