[[{"__type__":"cc.Prefab","_name":"rolePetPre","data":{"__id__":1}},{"__type__":"cc.Node","_name":"rolePetPre","_components":[{"__type__":"cc.Sprite","node":{"__id__":1},"_materials":[{"__uuid__":"ecpdLyjvZBwrvm+cedCcQy"}],"_spriteFrame":{"__uuid__":"a2H6UvCaBARK4lr96YA9Fz"}},{"__type__":"a5e6ebXVhpCEatkYcCXPGao","node":{"__id__":1}}],"_prefab":{"__type__":"cc.PrefabInfo","root":{"__id__":1},"asset":{"__uuid__":"36dPezbJ5PW4hGEABqbuod"},"fileId":"ccfbKXAulA5prRA6jmu/HY"},"_contentSize":{"__type__":"cc.Size","width":79,"height":109},"_anchorPoint":{"__type__":"cc.Vec2","x":0.5,"y":0.15},"_trs":{"__type__":"TypedArray","ctor":"Float64Array","array":[0,0,0,0,0,0,1,1,1,1]}}],{"__type__":"cc.SpriteFrame","content":{"name":"pet_1","texture":"5cHnCU6L1Gfa2xhjzbbyTn","rect":[0,0,79,109],"offset":[0,0],"originalSize":[79,109],"capInsets":[0,0,0,0]}}]