[{"__type__":"cc.BitmapFont","_name":"scoreFonts","spriteFrame":{"__uuid__":"ebXVZgDbFL/ZJVwcDEmcnH"},"fontSize":32,"_fntConfig":{"commonHeight":32,"fontSize":32,"atlasName":"scoreFonts_0.png","fontDefDictionary":{"43":{"rect":{"x":0,"y":0,"width":75,"height":115},"xOffset":0,"yOffset":0,"xAdvance":75},"48":{"rect":{"x":76,"y":0,"width":75,"height":115},"xOffset":0,"yOffset":0,"xAdvance":75},"49":{"rect":{"x":152,"y":0,"width":75,"height":115},"xOffset":0,"yOffset":0,"xAdvance":75},"50":{"rect":{"x":228,"y":0,"width":75,"height":115},"xOffset":0,"yOffset":0,"xAdvance":75},"51":{"rect":{"x":304,"y":0,"width":75,"height":115},"xOffset":0,"yOffset":0,"xAdvance":75},"52":{"rect":{"x":380,"y":0,"width":75,"height":115},"xOffset":0,"yOffset":0,"xAdvance":75},"53":{"rect":{"x":0,"y":116,"width":75,"height":115},"xOffset":0,"yOffset":0,"xAdvance":75},"54":{"rect":{"x":76,"y":116,"width":75,"height":115},"xOffset":0,"yOffset":0,"xAdvance":75},"55":{"rect":{"x":152,"y":116,"width":75,"height":115},"xOffset":0,"yOffset":0,"xAdvance":75},"56":{"rect":{"x":228,"y":116,"width":75,"height":115},"xOffset":0,"yOffset":0,"xAdvance":75},"57":{"rect":{"x":304,"y":116,"width":75,"height":115},"xOffset":0,"yOffset":0,"xAdvance":75}},"kerningDict":{}}},{"__type__":"cc.SpriteFrame","content":{"name":"scoreFonts","texture":"5esgcSFZFGDpxmfSt86kBj","rect":[7,6,443,221],"offset":[-27.5,139.5],"originalSize":[512,512],"capInsets":[0,0,0,0]}}]