[{"__type__":"cc.SpriteFrame","content":{"name":"scoreEffect_3","texture":"deSLcjbIhM8bDYTqCNJoyB","rect":[0,74,314,74],"offset":[0,0],"originalSize":[314,74],"capInsets":[0,0,0,0]}},{"__type__":"cc.SpriteFrame","content":{"name":"scoreEffect_4","texture":"deSLcjbIhM8bDYTqCNJoyB","rect":[0,0,182,74],"offset":[0,0],"originalSize":[182,74],"capInsets":[0,0,0,0]}},{"__type__":"cc.SpriteFrame","content":{"name":"scoreEffect_2","texture":"deSLcjbIhM8bDYTqCNJoyB","rect":[278,148,174,76],"offset":[0,0],"originalSize":[174,76],"capInsets":[0,0,0,0]}},{"__type__":"cc.SpriteFrame","content":{"name":"scoreEffect_5","texture":"deSLcjbIhM8bDYTqCNJoyB","rect":[182,0,226,74],"offset":[0,0],"originalSize":[226,74],"capInsets":[0,0,0,0]}},{"__type__":"cc.SpriteFrame","content":{"name":"scoreEffect_1","texture":"deSLcjbIhM8bDYTqCNJoyB","rect":[0,148,278,74],"offset":[0,0],"originalSize":[278,74],"capInsets":[0,0,0,0]}},{"__type__":"cc.SpriteAtlas","_name":"scoreEffectAtlas.plist","_spriteFrames":{"scoreEffect_1":{"__uuid__":"b2c/IuEwpN/afEOsxMGd9+"},"scoreEffect_2":{"__uuid__":"38C/HTVdhBTKC9YF0bFTme"},"scoreEffect_3":{"__uuid__":"05muQ/2qpJGod0LYBP06YF"},"scoreEffect_4":{"__uuid__":"25cw7jADlGwY1/b1rfGm7B"},"scoreEffect_5":{"__uuid__":"56bF6+G81E0LFWvaLGCMTT"}}}]