[{"__type__":"cc.SpriteAtlas","_name":"moreGameAtlas.plist","_spriteFrames":{"game_0":{"__uuid__":"4aRzHkRgxCDrKZeLmjQ216"},"game_1":{"__uuid__":"66c+jku1hC0rduQitMAyrN"},"game_2":{"__uuid__":"e9h2rrirlCl5btKAUpy+BN"},"game_3":{"__uuid__":"91OheszwhCF6a75iZAfr+o"},"game_4":{"__uuid__":"74CaAJtexOhaVjY8PICQH/"},"game_5":{"__uuid__":"55zsUYPB5IgLqDwkp58dnB"},"game_6":{"__uuid__":"6fSm2eNxlItK+XpGE1Tsz1"},"game_7":{"__uuid__":"6fGWM8MxdHBJgWH9jzpyKl"}}},{"__type__":"cc.SpriteFrame","content":{"name":"game_0","texture":"fdZwSzwYdM74osJUUqnxqF","rect":[0,0,144,144],"offset":[0,0],"originalSize":[144,144],"capInsets":[0,0,0,0]}},{"__type__":"cc.SpriteFrame","content":{"name":"game_5","texture":"fdZwSzwYdM74osJUUqnxqF","rect":[288,144,144,144],"offset":[0,0],"originalSize":[144,144],"capInsets":[0,0,0,0]}},{"__type__":"cc.SpriteFrame","content":{"name":"game_1","texture":"fdZwSzwYdM74osJUUqnxqF","rect":[144,0,144,144],"offset":[0,0],"originalSize":[144,144],"capInsets":[0,0,0,0]}},{"__type__":"cc.SpriteFrame","content":{"name":"game_7","texture":"fdZwSzwYdM74osJUUqnxqF","rect":[144,288,144,144],"offset":[0,0],"originalSize":[144,144],"capInsets":[0,0,0,0]}},{"__type__":"cc.SpriteFrame","content":{"name":"game_6","texture":"fdZwSzwYdM74osJUUqnxqF","rect":[0,288,144,144],"offset":[0,0],"originalSize":[144,144],"capInsets":[0,0,0,0]}},{"__type__":"cc.SpriteFrame","content":{"name":"game_4","texture":"fdZwSzwYdM74osJUUqnxqF","rect":[144,144,144,144],"offset":[0,0],"originalSize":[144,144],"capInsets":[0,0,0,0]}},{"__type__":"cc.SpriteFrame","content":{"name":"game_3","texture":"fdZwSzwYdM74osJUUqnxqF","rect":[0,144,144,144],"offset":[0,0],"originalSize":[144,144],"capInsets":[0,0,0,0]}},{"__type__":"cc.SpriteFrame","content":{"name":"game_2","texture":"fdZwSzwYdM74osJUUqnxqF","rect":[288,0,144,144],"offset":[0,0],"originalSize":[144,144],"capInsets":[0,0,0,0]}}]