[{"__type__":"cc.SpriteAtlas","_name":"petAtlas.plist","_spriteFrames":{"pet_1":{"__uuid__":"a2H6UvCaBARK4lr96YA9Fz"},"pet_2":{"__uuid__":"51BUTPvbRIO46soFbr4LPZ"},"pet_3":{"__uuid__":"efAhDvS0BA14MkiyFbgiXn"},"pet_4":{"__uuid__":"2cPBgFaKJF84P8T80F0jq6"},"pet_5":{"__uuid__":"2bt2kKGnFHJJwyzRSPNnpM"}}},{"__type__":"cc.SpriteFrame","content":{"name":"pet_5","texture":"5cHnCU6L1Gfa2xhjzbbyTn","rect":[316,0,79,109],"offset":[0,0],"originalSize":[79,109],"capInsets":[0,0,0,0]}},{"__type__":"cc.SpriteFrame","content":{"name":"pet_4","texture":"5cHnCU6L1Gfa2xhjzbbyTn","rect":[237,0,79,109],"offset":[0,0],"originalSize":[79,109],"capInsets":[0,0,0,0]}},{"__type__":"cc.SpriteFrame","content":{"name":"pet_2","texture":"5cHnCU6L1Gfa2xhjzbbyTn","rect":[79,0,79,109],"offset":[0,0],"originalSize":[79,109],"capInsets":[0,0,0,0]}},{"__type__":"cc.SpriteFrame","content":{"name":"pet_1","texture":"5cHnCU6L1Gfa2xhjzbbyTn","rect":[0,0,79,109],"offset":[0,0],"originalSize":[79,109],"capInsets":[0,0,0,0]}},{"__type__":"cc.SpriteFrame","content":{"name":"pet_3","texture":"5cHnCU6L1Gfa2xhjzbbyTn","rect":[158,0,79,109],"offset":[0,0],"originalSize":[79,109],"capInsets":[0,0,0,0]}}]