[[{"__type__":"cc.SceneAsset","_name":"LoadingScene","scene":{"__id__":1},"asyncLoadAssets":null},{"__type__":"cc.Scene","_name":"New Node","_children":[{"__id__":2}],"_anchorPoint":{"__type__":"cc.Vec2"},"_trs":{"__type__":"TypedArray","ctor":"Float64Array","array":[0,0,0,0,0,0,1,1,1,1]},"autoReleaseAssets":false},{"__type__":"cc.Node","_name":"Canvas","_parent":{"__id__":1},"_children":[{"__id__":3},{"__id__":4}],"_components":[{"__type__":"cc.Canvas","node":{"__id__":2},"_designResolution":{"__type__":"cc.Size","width":750,"height":1334},"_fitWidth":true},{"__type__":"a617fHvW9BA8raOMBxkb13C","node":{"__id__":2},"progressBar":{"__id__":11}}],"_contentSize":{"__type__":"cc.Size","width":750,"height":1334},"_trs":{"__type__":"TypedArray","ctor":"Float64Array","array":[375,667,0,0,0,0,1,1,1,1]},"_id":"115VYbw6BEvKpDeCdw6muT"},{"__type__":"cc.Node","_name":"Main Camera","_parent":{"__id__":2},"_components":[{"__type__":"cc.Camera","node":{"__id__":3},"_clearFlags":7,"_depth":-1}],"_trs":{"__type__":"TypedArray","ctor":"Float64Array","array":[0,0,529.141521712292,0,0,0,1,1,1,1]}},{"__type__":"cc.Node","_name":"loadingView","_parent":{"__id__":2},"_children":[{"__id__":5},{"__id__":7},{"__id__":8},{"__id__":12}],"_trs":{"__type__":"TypedArray","ctor":"Float64Array","array":[0,0,0,0,0,0,1,1,1,1]}},{"__type__":"cc.Node","_name":"bg","_parent":{"__id__":4},"_children":[{"__id__":6}],"_components":[{"__type__":"cc.Sprite","node":{"__id__":5},"_materials":[{"__uuid__":"ecpdLyjvZBwrvm+cedCcQy"}],"_spriteFrame":{"__uuid__":"77FfQ6zHBAtZ0r2SCgAAA+"},"_sizeMode":0}],"_contentSize":{"__type__":"cc.Size","width":750,"height":1650},"_trs":{"__type__":"TypedArray","ctor":"Float64Array","array":[0,0,0,0,0,0,1,1,1,1]}},{"__type__":"cc.Node","_name":"yunSpr","_parent":{"__id__":5},"_components":[{"__type__":"cc.Sprite","node":{"__id__":6},"_materials":[{"__uuid__":"ecpdLyjvZBwrvm+cedCcQy"}],"_spriteFrame":{"__uuid__":"e5u7iu57BGh4sShFVpRlL1"},"_sizeMode":0},{"__type__":"cc.Widget","node":{"__id__":6},"_target":{"__id__":5},"_alignFlags":4}],"_contentSize":{"__type__":"cc.Size","width":750,"height":518},"_trs":{"__type__":"TypedArray","ctor":"Float64Array","array":[0,-566,0,0,0,0,1,1,1,1]}},{"__type__":"cc.Node","_name":"logo","_parent":{"__id__":4},"_components":[{"__type__":"cc.Sprite","node":{"__id__":7},"_materials":[{"__uuid__":"ecpdLyjvZBwrvm+cedCcQy"}],"_spriteFrame":{"__uuid__":"447qbpmfNNn66sDskDUQlC"}},{"__type__":"f34ac2GGiVOBbG6XlfvgYP4","node":{"__id__":7},"spriteFrameSet":[{"__type__":"SpriteFrameSet","language":"zh","spriteFrame":{"__uuid__":"f6CokLdhJH/4nxuzwVgTKg"}},{"__type__":"SpriteFrameSet","language":"en","spriteFrame":{"__uuid__":"447qbpmfNNn66sDskDUQlC"}}]}],"_contentSize":{"__type__":"cc.Size","width":525,"height":133},"_trs":{"__type__":"TypedArray","ctor":"Float64Array","array":[0,503.372,0,0,0,0,1,1,1,1]}},{"__type__":"cc.Node","_name":"progressBar","_parent":{"__id__":4},"_children":[{"__id__":9}],"_components":[{"__type__":"cc.Sprite","node":{"__id__":8},"_materials":[{"__uuid__":"ecpdLyjvZBwrvm+cedCcQy"}],"_spriteFrame":{"__uuid__":"f59Iink+FKcJIed5YEwNfg"},"_sizeMode":0},{"__id__":11}],"_contentSize":{"__type__":"cc.Size","width":498,"height":31},"_trs":{"__type__":"TypedArray","ctor":"Float64Array","array":[0,-115.488,0,0,0,0,1,1,1,1]}},{"__type__":"cc.Node","_name":"bar","_parent":{"__id__":8},"_components":[{"__id__":10}],"_contentSize":{"__type__":"cc.Size","height":31},"_anchorPoint":{"__type__":"cc.Vec2","y":0.5},"_trs":{"__type__":"TypedArray","ctor":"Float64Array","array":[-251,0,0,0,0,0,1,1,1,1]}},{"__type__":"cc.Sprite","node":{"__id__":9},"_materials":[{"__uuid__":"ecpdLyjvZBwrvm+cedCcQy"}],"_spriteFrame":{"__uuid__":"a7W0mJ/mhPLbfn4ANh/6Cc"},"_sizeMode":0},{"__type__":"cc.ProgressBar","node":{"__id__":8},"_N$totalLength":498,"_N$barSprite":{"__id__":10},"_N$progress":0},{"__type__":"cc.Node","_name":"topScoreT","_parent":{"__id__":4},"_components":[{"__type__":"cc.Label","node":{"__id__":12},"_materials":[{"__uuid__":"ecpdLyjvZBwrvm+cedCcQy"}],"_useOriginalSize":false,"_string":"历史最高分：0","_N$string":"历史最高分：0","_lineHeight":45,"_N$horizontalAlign":1,"_N$verticalAlign":1}],"_color":{"__type__":"cc.Color","r":238,"g":224,"b":224},"_contentSize":{"__type__":"cc.Size","width":262.25,"height":56.7},"_trs":{"__type__":"TypedArray","ctor":"Float64Array","array":[0,375.768,0,0,0,0,1,1,1,1]}}],{"__type__":"cc.SpriteFrame","content":{"name":"logo_en","texture":"9fT+GL98BA2rZDguN8D7nZ","rect":[1,14,549,107],"offset":[0.5,-1],"originalSize":[550,133],"capInsets":[0,0,0,0]}},{"__type__":"cc.SpriteFrame","content":{"name":"bg","texture":"e84nnvR2dAUIq95O0MXFxk","rect":[0,0,720,1280],"offset":[0,0],"originalSize":[720,1280],"capInsets":[0,0,0,0]}},{"__type__":"cc.SpriteFrame","content":{"name":"progress","texture":"57OzCovYREpqKAXrCFG0rp","rect":[2,2,498,31],"offset":[0,0.5],"originalSize":[502,36],"capInsets":[0,0,0,0]}},{"__type__":"cc.SpriteFrame","content":{"name":"yunSpr","texture":"5aJw7MbxZMPpDlu2trGfFo","rect":[0,0,720,518],"offset":[0,0],"originalSize":[720,518],"capInsets":[0,0,0,0]}},{"__type__":"cc.SpriteFrame","content":{"name":"bar","texture":"eaLG0qX91Pz70KlMMgOIT3","rect":[0,0,502,36],"offset":[0,0],"originalSize":[502,36],"capInsets":[0,0,0,0]}},{"__type__":"cc.SpriteFrame","content":{"name":"logo","texture":"ea0o4cq9NN2JgXvPMmOPyz","rect":[0,0,525,133],"offset":[0,0],"originalSize":[525,133],"capInsets":[0,0,0,0]}}]